INSERT INTO ARTISTS (artist_name) VALUES ('Ed Sheeran');
INSERT INTO ALBUMS (album_id, album_name, release_date) VALUES ('2oCs0DGTsRO98Gh5ZSl2Cx', 'I Don''t Care (with Justin Bieber) [Loud Luxury Remix]' , DATE '2019-06-14');
INSERT INTO TRACKS (
    track_id, track_name, track_popularity, duration_ms, danceability, energy, 
    track_key, loudness, track_mode, speechiness, acousticness, instrumentalness, 
    liveness, valence, tempo, artist_id, album_id
)
VALUES (
    '6f807x0ima9a1j3VPbc7VN', 'I Don''t Care (with Justin Bieber) - Loud Luxury Remix', 66, 194754, 0.748, 0.916,
    6, -2.634, true, 0.0583, 0.102, 0.0,
    0.0653, 0.518, 122.036, 1, '2oCs0DGTsRO98Gh5ZSl2Cx'
);
INSERT INTO PLAYLISTS (playlist_id, playlist_name, genre, subgenre) VALUES ('37i9dQZF1DXcZDD7cfEKhW', 'Pop Remix', 'pop', 'dance pop');
INSERT INTO PLAYLIST_TRACKS (track_id, playlist_id) VALUES ('6f807x0ima9a1j3VPbc7VN', '37i9dQZF1DXcZDD7cfEKhW');
 
 
INSERT INTO ARTISTS (artist_name) VALUES ('Maroon 5');
INSERT INTO ALBUMS (album_id, album_name, release_date) VALUES ('63rPSO264uRjW1X5E6cWv6', 'Memories (Dillon Francis Remix)' , DATE '2019-12-13');
INSERT INTO TRACKS (
    track_id, track_name, track_popularity, duration_ms, danceability, energy, 
    track_key, loudness, track_mode, speechiness, acousticness, instrumentalness, 
    liveness, valence, tempo, artist_id, album_id
)
VALUES (
    '0r7CVbZTWZgbTCYdfa2P31', 'Memories - Dillon Francis Remix', 67, 162600, 0.726, 0.815,
    11, -4.969, true, 0.0373, 0.0724, 0.00421,
    0.357, 0.693, 99.972, 2, '63rPSO264uRjW1X5E6cWv6'
);
INSERT INTO PLAYLISTS (playlist_id, playlist_name, genre, subgenre) VALUES ('37i9dQZF1DXcZDD7cfEKhW', 'Pop Remix', 'pop', 'dance pop');
INSERT INTO PLAYLIST_TRACKS (track_id, playlist_id) VALUES ('0r7CVbZTWZgbTCYdfa2P31', '37i9dQZF1DXcZDD7cfEKhW');
 
 
INSERT INTO ARTISTS (artist_name) VALUES ('Zara Larsson');
INSERT INTO ALBUMS (album_id, album_name, release_date) VALUES ('1HoSmj2eLcsrR0vE9gThr4', 'All the Time (Don Diablo Remix)' , DATE '2019-07-05');
INSERT INTO TRACKS (
    track_id, track_name, track_popularity, duration_ms, danceability, energy, 
    track_key, loudness, track_mode, speechiness, acousticness, instrumentalness, 
    liveness, valence, tempo, artist_id, album_id
)
VALUES (
    '1z1Hg7Vb0AhHDiEmnDE79l', 'All the Time - Don Diablo Remix', 70, 176616, 0.675, 0.931,
    1, -3.432, false, 0.0742, 0.0794, 2.33E-5,
    0.11, 0.613, 124.008, 3, '1HoSmj2eLcsrR0vE9gThr4'
);
INSERT INTO PLAYLISTS (playlist_id, playlist_name, genre, subgenre) VALUES ('37i9dQZF1DXcZDD7cfEKhW', 'Pop Remix', 'pop', 'dance pop');
INSERT INTO PLAYLIST_TRACKS (track_id, playlist_id) VALUES ('1z1Hg7Vb0AhHDiEmnDE79l', '37i9dQZF1DXcZDD7cfEKhW');
 
 
INSERT INTO ARTISTS (artist_name) VALUES ('The Chainsmokers');
INSERT INTO ALBUMS (album_id, album_name, release_date) VALUES ('1nqYsOef1yKKuGOVchbsk6', 'Call You Mine - The Remixes' , DATE '2019-07-19');
INSERT INTO TRACKS (
    track_id, track_name, track_popularity, duration_ms, danceability, energy, 
    track_key, loudness, track_mode, speechiness, acousticness, instrumentalness, 
    liveness, valence, tempo, artist_id, album_id
)
VALUES (
    '75FpbthrwQmzHlBJLuGdC7', 'Call You Mine - Keanu Silva Remix', 60, 169093, 0.718, 0.93,
    7, -3.778, true, 0.102, 0.0287, 9.43E-6,
    0.204, 0.277, 121.956, 4, '1nqYsOef1yKKuGOVchbsk6'
);
INSERT INTO PLAYLISTS (playlist_id, playlist_name, genre, subgenre) VALUES ('37i9dQZF1DXcZDD7cfEKhW', 'Pop Remix', 'pop', 'dance pop');
INSERT INTO PLAYLIST_TRACKS (track_id, playlist_id) VALUES ('75FpbthrwQmzHlBJLuGdC7', '37i9dQZF1DXcZDD7cfEKhW');
 
 
INSERT INTO ARTISTS (artist_name) VALUES ('Lewis Capaldi');
INSERT INTO ALBUMS (album_id, album_name, release_date) VALUES ('7m7vv9wlQ4i0LFuJiE2zsQ', 'Someone You Loved (Future Humans Remix)' , DATE '2019-03-05');
INSERT INTO TRACKS (
    track_id, track_name, track_popularity, duration_ms, danceability, energy, 
    track_key, loudness, track_mode, speechiness, acousticness, instrumentalness, 
    liveness, valence, tempo, artist_id, album_id
)
VALUES (
    '1e8PAfcKUYoKkxPhrHqw4x', 'Someone You Loved - Future Humans Remix', 69, 189052, 0.65, 0.833,
    1, -4.672, true, 0.0359, 0.0803, 0.0,
    0.0833, 0.725, 123.976, 5, '7m7vv9wlQ4i0LFuJiE2zsQ'
);
INSERT INTO PLAYLISTS (playlist_id, playlist_name, genre, subgenre) VALUES ('37i9dQZF1DXcZDD7cfEKhW', 'Pop Remix', 'pop', 'dance pop');
INSERT INTO PLAYLIST_TRACKS (track_id, playlist_id) VALUES ('1e8PAfcKUYoKkxPhrHqw4x', '37i9dQZF1DXcZDD7cfEKhW');
 
 
INSERT INTO ARTISTS (artist_name) VALUES ('Ed Sheeran');
INSERT INTO ALBUMS (album_id, album_name, release_date) VALUES ('2yiy9cd2QktrNvWC2EUi0k', 'Beautiful People (feat. Khalid) [Jack Wins Remix]' , DATE '2019-07-11');
INSERT INTO TRACKS (
    track_id, track_name, track_popularity, duration_ms, danceability, energy, 
    track_key, loudness, track_mode, speechiness, acousticness, instrumentalness, 
    liveness, valence, tempo, artist_id, album_id
)
VALUES (
    '7fvUMiyapMsRRxr07cU8Ef', 'Beautiful People (feat. Khalid) - Jack Wins Remix', 67, 163049, 0.675, 0.919,
    8, -5.385, true, 0.127, 0.0799, 0.0,
    0.143, 0.585, 124.982, 'Ed Sheeran', '2yiy9cd2QktrNvWC2EUi0k'
);
INSERT INTO PLAYLISTS (playlist_id, playlist_name, genre, subgenre) VALUES ('37i9dQZF1DXcZDD7cfEKhW', 'Pop Remix', 'pop', 'dance pop');
INSERT INTO PLAYLIST_TRACKS (track_id, playlist_id) VALUES ('7fvUMiyapMsRRxr07cU8Ef', '37i9dQZF1DXcZDD7cfEKhW');
 
 
INSERT INTO ARTISTS (artist_name) VALUES ('Katy Perry');
INSERT INTO ALBUMS (album_id, album_name, release_date) VALUES ('7INHYSeusaFlyrHSNxm8qH', 'Never Really Over (R3HAB Remix)' , DATE '2019-07-26');
INSERT INTO TRACKS (
    track_id, track_name, track_popularity, duration_ms, danceability, energy, 
    track_key, loudness, track_mode, speechiness, acousticness, instrumentalness, 
    liveness, valence, tempo, artist_id, album_id
)
VALUES (
    '2OAylPUDDfwRGfe0lYqlCQ', 'Never Really Over - R3HAB Remix', 62, 187675, 0.449, 0.856,
    5, -4.788, false, 0.0623, 0.187, 0.0,
    0.176, 0.152, 112.648, 'Katy Perry', '7INHYSeusaFlyrHSNxm8qH'
);
INSERT INTO PLAYLISTS (playlist_id, playlist_name, genre, subgenre) VALUES ('37i9dQZF1DXcZDD7cfEKhW', 'Pop Remix', 'pop', 'dance pop');
INSERT INTO PLAYLIST_TRACKS (track_id, playlist_id) VALUES ('2OAylPUDDfwRGfe0lYqlCQ', '37i9dQZF1DXcZDD7cfEKhW');
 
 
INSERT INTO ARTISTS (artist_name) VALUES ('Sam Feldt');
INSERT INTO ALBUMS (album_id, album_name, release_date) VALUES ('6703SRPsLkS4bPtMFFJes1', 'Post Malone (feat. RANI) [GATTÜSO Remix]' , DATE '2019-08-29');
INSERT INTO TRACKS (
    track_id, track_name, track_popularity, duration_ms, danceability, energy, 
    track_key, loudness, track_mode, speechiness, acousticness, instrumentalness, 
    liveness, valence, tempo, artist_id, album_id
)
VALUES (
    '6b1RNvAcJjQH73eZO4BLAB', 'Post Malone (feat. RANI) - GATTÜSO Remix', 69, 207619, 0.542, 0.903,
    4, -2.419, false, 0.0434, 0.0335, 4.83E-6,
    0.111, 0.367, 127.936, 'Sam Feldt', '6703SRPsLkS4bPtMFFJes1'
);
INSERT INTO PLAYLISTS (playlist_id, playlist_name, genre, subgenre) VALUES ('37i9dQZF1DXcZDD7cfEKhW', 'Pop Remix', 'pop', 'dance pop');
INSERT INTO PLAYLIST_TRACKS (track_id, playlist_id) VALUES ('6b1RNvAcJjQH73eZO4BLAB', '37i9dQZF1DXcZDD7cfEKhW');
 
 
